{
	"type": "minecraft:chest",
	"pools": [
		{
			"bonus_rolls": 0,
			"entries": [
				{
					"type": "minecraft:item",
					"name": "minecraft:enchanted_golden_apple",
					"weight": 3
				},
				{
					"type": "minecraft:item",
					"name": "minecraft:flow_armor_trim_smithing_template",
					"weight": 3
				},
				{
					"type": "minecraft:item",
					"name": "minecraft:flow_banner_pattern",
					"weight": 2
				},
				{
					"type": "minecraft:item",
					"name": "minecraft:music_disc_creator"
				},
				{
					"type": "minecraft:item",
					"name": "minecraft:netherite_upgrade_smithing_template",
                    "weight": 1
				},
                {
					"type": "minecraft:item",
					"name": "minecraft:heavy_core",
                    "weight": 2
				}
			],
			"rolls": 1
		}
	],
	"random_sequence": "minecraft:chests/trial_chambers/reward_ominous_unique"
}